session_num,subject,total_time_taken,avg_time_per_q,bonus_at_end,total_questions_in_session
1,Maths,15.06096601486206,7.53048300743103,0.8413662910461426,2
2,Chemistry,36.856196880340576,12.285398960113525,0,3
3,Physics,7.702976703643799,3.8514883518218994,4.297023296356201,2
4,Physics,12.036880254745483,6.018440127372742,0,2
5,Maths,1.8792591094970703,0.9396295547485352,118.12074089050293,2
6,Maths,6.862029314041138,2.2873431046803794,147.2587115764618,3
7,Physics,27.399169921875,9.133056640625,137.89953660964966,3
